{
  "budget_seconds": 360,
  "bounds_tested": [
    {
      "B": 2000,
      "scenario": "index1",
      "n_filtered_primes": 88,
      "n_prime_pool": 88,
      "MC_samples": 100000,
      "chosen_count": 83,
      "coverage": 0.72436,
      "K_bits": 144,
      "L_bits": 143,
      "chosen_primes": [
        5,
        7,
        11,
        13,
        17,
        19,
        43,
        41,
        31,
        29,
        67,
        61,
        89,
        59,
        37,
        83,
        103,
        113,
        53,
        109,
        107,
        131,
        137,
        79,
        157,
        151,
        127,
        179,
        233,
        139,
        281,
        163,
        257,
        251,
        223,
        277,
        229,
        227,
        181,
        283,
        101,
        547,
        353,
        367,
        271,
        401,
        397,
        197,
        331,
        347
      ],
      "elapsed_s": 0.8120367527008057
    },
    {
      "B": 2000,
      "scenario": "idx1_plus_idx2",
      "n_filtered_primes": 123,
      "n_prime_pool": 105,
      "MC_samples": 50000,
      "chosen_count": 99,
      "coverage": 0.74964,
      "K_bits": 183,
      "L_bits": 181,
      "chosen_primes": [
        5,
        7,
        11,
        13,
        17,
        19,
        31,
        41,
        43,
        73,
        67,
        97,
        29,
        61,
        59,
        89,
        37,
        193,
        53,
        83,
        109,
        113,
        103,
        107,
        131,
        337,
        127,
        79,
        157,
        151,
        137,
        241,
        233,
        257,
        281,
        283,
        229,
        139,
        433,
        251,
        227,
        179,
        163,
        331,
        223,
        397,
        181,
        101,
        353,
        277
      ],
      "elapsed_s": 1.405775785446167
    },
    {
      "B": 5000,
      "scenario": "index1",
      "n_filtered_primes": 92,
      "n_prime_pool": 92,
      "MC_samples": 100000,
      "chosen_count": 86,
      "coverage": 0.72463,
      "K_bits": 144,
      "L_bits": 143,
      "chosen_primes": [
        5,
        7,
        11,
        13,
        17,
        19,
        43,
        41,
        31,
        29,
        67,
        61,
        89,
        59,
        37,
        83,
        103,
        113,
        53,
        109,
        107,
        131,
        137,
        79,
        157,
        151,
        127,
        179,
        233,
        139,
        281,
        163,
        257,
        251,
        223,
        277,
        229,
        227,
        181,
        283,
        101,
        547,
        353,
        367,
        271,
        401,
        397,
        197,
        331,
        347
      ],
      "elapsed_s": 2.2540338039398193
    },
    {
      "B": 5000,
      "scenario": "idx1_plus_idx2",
      "n_filtered_primes": 135,
      "n_prime_pool": 115,
      "MC_samples": 50000,
      "chosen_count": 109,
      "coverage": 0.75102,
      "K_bits": 183,
      "L_bits": 181,
      "chosen_primes": [
        5,
        7,
        11,
        13,
        17,
        19,
        31,
        41,
        43,
        73,
        67,
        97,
        29,
        61,
        59,
        89,
        37,
        193,
        53,
        83,
        109,
        113,
        103,
        107,
        131,
        337,
        127,
        79,
        157,
        151,
        137,
        241,
        233,
        257,
        281,
        283,
        229,
        139,
        433,
        251,
        227,
        179,
        163,
        331,
        223,
        397,
        181,
        101,
        353,
        277
      ],
      "elapsed_s": 2.9119009971618652
    },
    {
      "B": 10000,
      "scenario": "index1",
      "n_filtered_primes": 95,
      "n_prime_pool": 95,
      "MC_samples": 100000,
      "chosen_count": 89,
      "coverage": 0.7247399999999999,
      "K_bits": 144,
      "L_bits": 143,
      "chosen_primes": [
        5,
        7,
        11,
        13,
        17,
        19,
        43,
        41,
        31,
        29,
        67,
        61,
        89,
        59,
        37,
        83,
        103,
        113,
        53,
        109,
        107,
        131,
        137,
        79,
        157,
        151,
        127,
        179,
        233,
        139,
        281,
        163,
        257,
        251,
        223,
        277,
        229,
        227,
        181,
        283,
        101,
        547,
        353,
        367,
        271,
        401,
        397,
        197,
        331,
        347
      ],
      "elapsed_s": 3.802212953567505
    },
    {
      "B": 10000,
      "scenario": "idx1_plus_idx2",
      "n_filtered_primes": 140,
      "n_prime_pool": 120,
      "MC_samples": 50000,
      "chosen_count": 113,
      "coverage": 0.75134,
      "K_bits": 183,
      "L_bits": 181,
      "chosen_primes": [
        5,
        7,
        11,
        13,
        17,
        19,
        31,
        41,
        43,
        73,
        67,
        97,
        29,
        61,
        59,
        89,
        37,
        193,
        53,
        83,
        109,
        113,
        103,
        107,
        131,
        337,
        127,
        79,
        157,
        151,
        137,
        241,
        233,
        257,
        281,
        283,
        229,
        139,
        433,
        251,
        227,
        179,
        163,
        331,
        223,
        397,
        181,
        101,
        353,
        277
      ],
      "elapsed_s": 4.494760990142822
    }
  ],
  "best_partial_coverage": 0.75134,
  "no_full_cover": true,
  "best_partial_prime_count": 113,
  "best_partial_entry": {
    "B": 10000,
    "scenario": "idx1_plus_idx2",
    "n_filtered_primes": 140,
    "n_prime_pool": 120,
    "MC_samples": 50000,
    "chosen_count": 113,
    "coverage": 0.75134,
    "K_bits": 183,
    "L_bits": 181,
    "chosen_primes": [
      5,
      7,
      11,
      13,
      17,
      19,
      31,
      41,
      43,
      73,
      67,
      97,
      29,
      61,
      59,
      89,
      37,
      193,
      53,
      83,
      109,
      113,
      103,
      107,
      131,
      337,
      127,
      79,
      157,
      151,
      137,
      241,
      233,
      257,
      281,
      283,
      229,
      139,
      433,
      251,
      227,
      179,
      163,
      331,
      223,
      397,
      181,
      101,
      353,
      277
    ],
    "elapsed_s": 4.494760990142822
  },
  "total_duration_s": 4.494765758514404
}